{"@context": "http://schema.org", "@id": "https://doi.org/10.5072/zenodo.140733", "@type": "https://schema.org/CreativeWork", "identifier": "https://doi.org/10.5072/zenodo.140733", "name": "IS477 FA24 Class Final Project Repository Team Cosco", "creator": [{"name": "Tianqi, Jiang", "givenName": "Jiang", "familyName": "Tianqi", "affiliation": [{"@type": "Organization", "name": "University of Illinois Urbana-Champaign"}], "@id": "https://orcid.org/0009-0003-8595-9332", "@type": "Person"}, {"name": "Irith, Chaturvedi", "givenName": "Chaturvedi", "familyName": "Irith", "affiliation": [{"@type": "Organization", "name": "University of Illinois Urbana-Champaign"}], "@id": "https://orcid.org/0009-0001-5160-3464", "@type": "Person"}], "author": [{"name": "Tianqi, Jiang", "givenName": "Jiang", "familyName": "Tianqi", "affiliation": [{"@type": "Organization", "name": "University of Illinois Urbana-Champaign"}], "@id": "https://orcid.org/0009-0003-8595-9332", "@type": "Person"}, {"name": "Irith, Chaturvedi", "givenName": "Chaturvedi", "familyName": "Irith", "affiliation": [{"@type": "Organization", "name": "University of Illinois Urbana-Champaign"}], "@id": "https://orcid.org/0009-0001-5160-3464", "@type": "Person"}], "publisher": {"@type": "Organization", "name": "Zenodo"}, "dateCreated": "2024-12-07T00:04:25.662756+00:00", "dateModified": "2024-12-07T00:04:25.863957+00:00", "datePublished": "2024-12-07", "contentSize": "923.29 KB", "size": "923.29 KB", "license": "https://opensource.org/licenses/MIT", "description": "<p>It's our metadata creation for our final project</p>", "url": "https://sandbox.zenodo.org/records/140733"}