<?xml version='1.0' encoding='utf-8'?>
<resource xmlns="http://datacite.org/schema/kernel-4" xmlns:xsi="http://www.w3.org/2001/XMLSchema-instance" xsi:schemaLocation="http://datacite.org/schema/kernel-4 http://schema.datacite.org/meta/kernel-4.3/metadata.xsd">
  <identifier identifierType="DOI">10.5072/zenodo.140733</identifier>
  <alternateIdentifiers>
    <alternateIdentifier alternateIdentifierType="URL">https://sandbox.zenodo.org/records/140733</alternateIdentifier>
    <alternateIdentifier alternateIdentifierType="oai">oai:zenodo.org:140733</alternateIdentifier>
    <alternateIdentifier alternateIdentifierType="URL">https://github.com/illinois-data-curation/is477-fa24-cosco</alternateIdentifier>
  </alternateIdentifiers>
  <creators>
    <creator>
      <creatorName nameType="Personal">Tianqi, Jiang</creatorName>
      <givenName>Jiang</givenName>
      <familyName>Tianqi</familyName>
      <nameIdentifier nameIdentifierScheme="ORCID">0009-0003-8595-9332</nameIdentifier>
      <affiliation>University of Illinois Urbana-Champaign</affiliation>
    </creator>
    <creator>
      <creatorName nameType="Personal">Irith, Chaturvedi</creatorName>
      <givenName>Chaturvedi</givenName>
      <familyName>Irith</familyName>
      <nameIdentifier nameIdentifierScheme="ORCID">0009-0001-5160-3464</nameIdentifier>
      <affiliation>University of Illinois Urbana-Champaign</affiliation>
    </creator>
  </creators>
  <titles>
    <title>IS477 FA24 Class Final Project Repository Team Cosco</title>
  </titles>
  <publisher>Zenodo</publisher>
  <publicationYear>2024</publicationYear>
  <dates>
    <date dateType="Issued">2024-12-07</date>
    <date dateType="Updated">2024-12-07</date>
  </dates>
  <resourceType resourceTypeGeneral="Text">Project deliverable</resourceType>
  <relatedIdentifiers>
    <relatedIdentifier relatedIdentifierType="URL" relationType="IsMetadataFor" resourceTypeGeneral="Text">https://github.com/illinois-data-curation/is477-fa24-cosco</relatedIdentifier>
    <relatedIdentifier relatedIdentifierType="DOI" relationType="IsVersionOf">10.5072/zenodo.140732</relatedIdentifier>
  </relatedIdentifiers>
  <rightsList>
    <rights rightsURI="https://opensource.org/licenses/MIT" rightsIdentifierScheme="spdx" rightsIdentifier="mit">MIT License</rights>
  </rightsList>
  <descriptions>
    <description descriptionType="Abstract">It's our metadata creation for our final project</description>
  </descriptions>
</resource>
